{
  "6": {
    "5": {
      "x": 3307,
      "y": 2622,
      "angle": 2.606606046723576,
      "score": 0.9535516500473022
    },
    "3": {
      "x": 2367,
      "y": 2585,
      "angle": -1.142092145336599,
      "score": 0.9509078860282898
    },
    "4": {
      "x": 2805,
      "y": 2560,
      "angle": 0.7162772578538271,
      "score": 0.9341574311256409
    },
    "2": {
      "x": 1967,
      "y": 2651,
      "angle": -2.8213105243537453,
      "score": 0.9436327219009399
    },
    "1": {
      "x": 1566,
      "y": 2710,
      "angle": -4.77381898666877,
      "score": 0.9478710293769836
    },
    "6": {
      "x": 3815,
      "y": 2671,
      "angle": 4.707414754714361,
      "score": 0.9338034987449646
    }
  },
  "11": {
    "8": {
      "x": 3175,
      "y": 2650,
      "angle": 3.3320436133231905,
      "score": 0.9484561681747437
    },
    "5": {
      "x": 2354,
      "y": 2625,
      "angle": -2.015301295237747,
      "score": 0.9388952255249023
    },
    "11": {
      "x": 4093,
      "y": 2770,
      "angle": 8.821437026370898,
      "score": 0.9446650743484497
    },
    "3": {
      "x": 1920,
      "y": 2751,
      "angle": -5.372107837874062,
      "score": 0.9468579292297363
    },
    "9": {
      "x": 3485,
      "y": 2701,
      "angle": 5.177751251090312,
      "score": 0.9392605423927307
    },
    "10": {
      "x": 3802,
      "y": 2747,
      "angle": 7.27890365814698,
      "score": 0.9528043270111084
    },
    "4": {
      "x": 2138,
      "y": 2691,
      "angle": -3.64783414242278,
      "score": 0.9488602876663208
    },
    "2": {
      "x": 1700,
      "y": 2804,
      "angle": -7.163021725320595,
      "score": 0.9488970041275024
    },
    "7": {
      "x": 2883,
      "y": 2606,
      "angle": 1.9344994641359738,
      "score": 0.9529883861541748
    },
    "1": {
      "x": 1478,
      "y": 2853,
      "angle": -9.291800421791832,
      "score": 0.9292790293693542
    },
    "6": {
      "x": 2566,
      "y": 2535,
      "angle": 0.04358853686265911,
      "score": 0.9373697638511658
    }
  },
  "10": {
    "8": {
      "x": 3397,
      "y": 2682,
      "angle": 4.504487999021896,
      "score": 0.9394724369049072
    },
    "5": {
      "x": 2448,
      "y": 2579,
      "angle": -0.9678002378116087,
      "score": 0.9486520886421204
    },
    "3": {
      "x": 1973,
      "y": 2719,
      "angle": -4.473403682045441,
      "score": 0.9549923539161682
    },
    "9": {
      "x": 3718,
      "y": 2719,
      "angle": 6.126459007873658,
      "score": 0.9554542303085327
    },
    "4": {
      "x": 2212,
      "y": 2657,
      "angle": -2.799040442066143,
      "score": 0.9309107661247253
    },
    "10": {
      "x": 4050,
      "y": 2753,
      "angle": 8.098559339962552,
      "score": 0.9577770233154297
    },
    "2": {
      "x": 1734,
      "y": 2784,
      "angle": -6.630154162652666,
      "score": 0.9511157870292664
    },
    "7": {
      "x": 3066,
      "y": 2631,
      "angle": 2.7066127321194258,
      "score": 0.9570286273956299
    },
    "1": {
      "x": 1489,
      "y": 2823,
      "angle": -8.23347189495315,
      "score": 0.9545637369155884
    },
    "6": {
      "x": 2732,
      "y": 2568,
      "angle": 0.8998340875643553,
      "score": 0.9419059157371521
    }
  },
  "7": {
    "5": {
      "x": 3008,
      "y": 2602,
      "angle": 1.8818351192747536,
      "score": 0.9331707954406738
    },
    "3": {
      "x": 2222,
      "y": 2604,
      "angle": -1.5348955984580235,
      "score": 0.9430573582649231
    },
    "4": {
      "x": 2581,
      "y": 2549,
      "angle": 0.3650339329171278,
      "score": 0.928538978099823
    },
    "2": {
      "x": 1880,
      "y": 2672,
      "angle": -3.29187670999002,
      "score": 0.9394368529319763
    },
    "7": {
      "x": 3872,
      "y": 2687,
      "angle": 5.291274117567827,
      "score": 0.9432156682014465
    },
    "1": {
      "x": 1537,
      "y": 2732,
      "angle": -5.290773081378031,
      "score": 0.9543198943138123
    },
    "6": {
      "x": 3442,
      "y": 2651,
      "angle": 3.5998383206781623,
      "score": 0.9550686478614807
    }
  },
  "3": {
    "3": {
      "x": 3124,
      "y": 2534,
      "angle": -0.011348898980740447,
      "score": 0.9390856623649597
    },
    "2": {
      "x": 2565,
      "y": 2535,
      "angle": 0.03392941233291345,
      "score": 0.9317185878753662
    },
    "1": {
      "x": 2009,
      "y": 2539,
      "angle": 0.10661067030982099,
      "score": 0.9424628615379333
    }
  },
  "8": {
    "6": {
      "x": 3164,
      "y": 2633,
      "angle": 2.8359179746157728,
      "score": 0.9471059441566467
    },
    "1": {
      "x": 1518,
      "y": 2767,
      "angle": -6.45319003742618,
      "score": 0.9487618207931519
    },
    "7": {
      "x": 3555,
      "y": 2679,
      "angle": 4.605305493249923,
      "score": 0.9431595206260681
    },
    "2": {
      "x": 1821,
      "y": 2720,
      "angle": -4.707390370613292,
      "score": 0.9388375282287598
    },
    "4": {
      "x": 2420,
      "y": 2592,
      "angle": -1.2863796782571786,
      "score": 0.933977484703064
    },
    "3": {
      "x": 2118,
      "y": 2644,
      "angle": -2.5031203802072457,
      "score": 0.9433668255805969
    },
    "5": {
      "x": 2766,
      "y": 2571,
      "angle": 0.9707290154493832,
      "score": 0.9308509826660156
    },
    "8": {
      "x": 3957,
      "y": 2719,
      "angle": 6.7117801819616405,
      "score": 0.9414181113243103
    }
  },
  "9": {
    "6": {
      "x": 2923,
      "y": 2598,
      "angle": 1.7293149907088075,
      "score": 0.9470579028129578
    },
    "1": {
      "x": 1501,
      "y": 2789,
      "angle": -7.01148392761614,
      "score": 0.9541405439376831
    },
    "7": {
      "x": 3287,
      "y": 2656,
      "angle": 3.6117242109728847,
      "score": 0.9391627907752991
    },
    "2": {
      "x": 1774,
      "y": 2757,
      "angle": -5.864891541517646,
      "score": 0.9309264421463013
    },
    "4": {
      "x": 2303,
      "y": 2617,
      "angle": -1.8321350387922875,
      "score": 0.952948808670044
    },
    "9": {
      "x": 3985,
      "y": 2727,
      "angle": 6.9039936780835465,
      "score": 0.9389162659645081
    },
    "3": {
      "x": 2036,
      "y": 2676,
      "angle": -3.2882113984961987,
      "score": 0.9460093379020691
    },
    "5": {
      "x": 2566,
      "y": 2535,
      "angle": 0.042307426547397324,
      "score": 0.935385525226593
    },
    "8": {
      "x": 3645,
      "y": 2701,
      "angle": 5.441549696339349,
      "score": 0.952095627784729
    }
  },
  "4": {
    "3": {
      "x": 2844,
      "y": 2534,
      "angle": -0.012541597142565543,
      "score": 0.9266713261604309
    },
    "4": {
      "x": 3405,
      "y": 2534,
      "angle": 0.03172107853067519,
      "score": 0.9428293108940125
    },
    "2": {
      "x": 2285,
      "y": 2537,
      "angle": -0.08959035394781138,
      "score": 0.9415609836578369
    },
    "1": {
      "x": 1724,
      "y": 2534,
      "angle": -0.03349880514692698,
      "score": 0.9346309304237366
    }
  },
  "2": {
    "2": {
      "x": 2860,
      "y": 2546,
      "angle": 0.33617812087364474,
      "score": 0.9440367817878723
    },
    "1": {
      "x": 2285,
      "y": 2534,
      "angle": 0.018275395942086128,
      "score": 0.9439029693603516
    }
  },
  "1": {
    "1": {
      "x": 2566,
      "y": 2535,
      "angle": 0.04449268522270088,
      "score": 0.9505785703659058
    }
  },
  "5": {
    "5": {
      "x": 3725,
      "y": 2644,
      "angle": 3.6599390145234834,
      "score": 0.952458381652832
    },
    "3": {
      "x": 2565,
      "y": 2539,
      "angle": -0.13311422768242,
      "score": 0.9378845691680908
    },
    "4": {
      "x": 3143,
      "y": 2596,
      "angle": 1.768918833860834,
      "score": 0.9512122273445129
    },
    "2": {
      "x": 2084,
      "y": 2610,
      "angle": -1.742608146593017,